<?xml version="1.0" encoding="windows-1252"?>
<!--  This file conforms to the DTD xdc/bld/build.dtd -->
<package name="xconfig_main_rtos" version="" producerId="undefined">
    <units>
    </units>
    <sources>
        <srcFile name="package/cfg/main_rtos_pem4f.c"/>
    </sources>
    <configscripts>
        <srcFile name="D:/Firmware/TIDA firmware/Swaroop/TIDA - 2/TIDA-01614-Firmware/main_rtos.cfg"/>
    </configscripts>
    <makefiles>
        <srcFile name="package.mak" src="package.bld"/>
        <srcFile name="package/package.xdc.dep" src="package.xdc"/>
        <srcFile name="package/cfg/main_rtos_pem4f.mak" src="package.bld"/>
        <srcFile name="package/cfg/main_rtos_pem4f.oem4f.dep" src="package/cfg/main_rtos_pem4f.c"/>
        <srcFile name="package/cfg/main_rtos_pem4f.dep" src="package/cfg/main_rtos_pem4f.cfg"/>
        <srcFile name="package/cfg/main_rtos.xem4f.mak" src="package.bld"/>
        <srcFile name="package/rel/xconfig_main_rtos.tar.dep" src="package/rel/xconfig_main_rtos.xdc.inc"/>
    </makefiles>
    <targets>
        <target name="ti.targets.arm.elf.M4F"
            version="ti.targets.arm.elf.M4F{1,0,18.1,2"
            rawVersion="18.1.2"
            platform="ti.platforms.tiva:TM4C1294NCPDT:1"
            isa="v7M4"
            suffix="em4f"
            rootDir="C:/ti/ccsv8/tools/compiler/ti-cgt-arm_18.1.2.LTS"
            os="undefined"
            rts="ti.targets.arm.rtsarm">
            <model endian="little"
                codeModel="thumb2"
                dataModel="undefined"/>
        </target>
    </targets>
    <libraries>
    </libraries>
    <configurations>
    <configuration name="main_rtos"
        pname="main_rtos.pem4f"
        target="ti.targets.arm.elf.M4F"
        platform="ti.platforms.msp432:MSP432P401R"
        profile="release"
        isPartial="false"
        xCfgScript="package/cfg/main_rtos_pem4f.cfg"
        xCfgPrefix="package/cfg/main_rtos_pem4f"
        cfgScript="D:/Firmware/TIDA firmware/Swaroop/TIDA - 2/TIDA-01614-Firmware/main_rtos.cfg"
        cfgArgs="null"
        />
    </configurations>
    <executables>
    <executable name="main_rtos"
        pname="main_rtos.xem4f"
        target="ti.targets.arm.elf.M4F"
        platform="ti.platforms.msp432:MSP432P401R"
        profile="release"
        xCfgScript="package/cfg/main_rtos_pem4f.cfg"
        xCfgPrefix="package/cfg/main_rtos_pem4f"
        cfgScript="D:/Firmware/TIDA firmware/Swaroop/TIDA - 2/TIDA-01614-Firmware/main_rtos.cfg"
        cfgArgs="null"
        />
    </executables>
    <tests>
    <test exeName="main_rtos.xem4f"
        args=""
        groupName="main_rtos.xem4f"
        refOutput="undefined"
        refExitCode="0"
        execArgs=""
        />
    </tests>
    <releases relDir="package/rel/">
    <release name="xconfig_main_rtos"
        pname="xconfig_main_rtos.tar"
        label="default"
    >
        <file name="package/package.bld.xml"/>
        <file name="package/build.cfg"/>
        <file name="package/package.xdc.inc"/>
    </release>
    </releases>
    <repositories>
    </repositories>
</package>
